serial,category_serial,match_serial,category_ar,category_en,date_ar,date_en,tens,axis,score,score_z,score_a,diff,diff_abs,soocers_z,soocers_a,notes
211,8,1,مباراة ودية,Friendly Match,9 فبراير 1917,9-Feb-1917,1910-1920,1,0–1,0,1,1,1,,غ.م.,
212,8,2,مباراة ودية,Friendly Match,2 مارس 1917,2-Mar-1917,1910-1920,1,1–0,1,0,-1,1,غ.م.,,
213,8,3,مباراة ودية,Friendly Match,17 نوفمبر 1922,17-Nov-1922,1920-1930,2,0–0,0,0,0,0,,,
214,8,4,مباراة ودية,Friendly Match,5 يناير 1923,5-Jan-1923,1920-1930,2,0–5,0,5,5,5,,صادق فهمي 3 – حسين حجازي – علي رياض,
196,5,1,كأس السلطان,Sultan Cup,17 مارس 1924,17-Mar-1924,1920-1930,2,1–1,1,1,0,0,غ.م.,سالم,نصف النهائي
197,5,2,كأس السلطان,Sultan Cup,21 مارس 1924,21-Mar-1924,1920-1930,2,2–0,2,0,-2,2,غ.م.,,إعادة نصف النهائي
154,4,1,دوري منطقة القاهرة,Cairo District League,أكتوبر 1926,1-Oct-1926,1920-1930,2,0–3,0,3,3,3,,غ.م.,
155,4,2,دوري منطقة القاهرة,Cairo District League,12 نوفمبر 1926,12-Nov-1926,1920-1930,2,0–2,0,2,2,2,,,
156,4,3,دوري منطقة القاهرة,Cairo District League,25 أكتوبر 1927,25-Oct-1927,1920-1930,2,1–2,1,2,1,1,غ.م.,ممدوح مختار 2,
118,2,1,كأس مصر,Egypt Cup,20 أبريل 1928,20-Apr-1928,1920-1930,2,0–1,0,1,1,1,,ممدوح مختار صقر,النهائي
157,4,4,دوري منطقة القاهرة,Cairo District League,30 نوفمبر 1928,30-Nov-1928,1920-1930,2,3–0,3,0,-3,3,إبراهيم يكن – لبيب – السيد أباظة,,
158,4,5,دوري منطقة القاهرة,Cairo District League,21 ديسمبر 1928,21-Dec-1928,1920-1930,2,0–0,0,0,0,0,,,
119,2,2,كأس مصر,Egypt Cup,15 مارس 1929,15-Mar-1929,1920-1930,2,0–1,0,1,1,1,,جميل الزبير,ربع النهائي
215,8,5,مباراة ودية,Friendly Match,25 أكتوبر 1929,25-Oct-1929,1920-1930,2,0–0,0,0,0,0,,,
159,4,6,دوري منطقة القاهرة,Cairo District League,6 ديسمبر 1929,6-Dec-1929,1920-1930,2,1–0,1,0,-1,1,محمد لطيف,,
198,5,3,كأس السلطان,Sultan Cup,7 مارس 1930,7-Mar-1930,1930-1940,3,3–1,3,1,-2,2,محمد لطيف - مصطفى كامل طه 2,محمود مختار التتش,نصف النهائي
160,4,7,دوري منطقة القاهرة,Cairo District League,6 يونيو 1930,6-Jun-1930,1930-1940,3,2–2,2,2,0,0,مصطفى كامل طه – محمد لطيف,ممدوح مختار – محمود مختار التتش,
161,4,8,دوري منطقة القاهرة,Cairo District League,28 نوفمبر 1930,28-Nov-1930,1930-1940,3,0–4,0,4,4,4,,محمود مختار التتش 3 – لبيب,
162,4,9,دوري منطقة القاهرة,Cairo District League,26 ديسمبر 1930,26-Dec-1930,1930-1940,3,3–3,3,3,0,0,رمزي برسوم – توفيق عبد الله – حسين حجازي,مصطفى كامل طه – محمود مختار التتش – لبيب,
216,8,6,مباراة ودية,Friendly Match,23 يناير 1931,23-Jan-1931,1930-1940,3,0–1,0,1,1,1,,أحمد منصور,
217,8,7,مباراة ودية,Friendly Match,13 فبراير 1931,13-Feb-1931,1930-1940,3,2–3,2,3,1,1,محمد لطيف - سعيد الحضري,مصطفى كمال طه 2 - حسن الفار (في مرماه),
120,2,3,كأس مصر,Egypt Cup,26 يونيو 1931,26-Jun-1931,1930-1940,3,1–4,1,4,3,3,رمزي برسوم,لبيب محمود – مصطفى كامل طه – محمود مختار التتش – محمود مهران,النهائي
163,4,10,دوري منطقة القاهرة,Cairo District League,6 نوفمبر 1931,6-Nov-1931,1930-1940,3,1–1,1,1,0,0,سيد مرعي,مصطفى كامل طه,
164,4,11,دوري منطقة القاهرة,Cairo District League,18 ديسمبر 1931,18-Dec-1931,1930-1940,3,2–1,2,1,-1,1,سيد مرعي – سعيد الحضري,فوزي,
121,2,4,كأس مصر,Egypt Cup,6 مايو 1932,6-May-1932,1930-1940,3,2–1,2,1,-1,1,إسماعيل رأفت – سيد مرعي,أمين شعير,النهائي
165,4,12,دوري منطقة القاهرة,Cairo District League,18 نوفمبر 1932,18-Nov-1932,1930-1940,3,3–3,3,3,0,0,محمد لطيف 2 – سيد مرعي,لبيب 2 – هاني,
166,4,13,دوري منطقة القاهرة,Cairo District League,23 ديسمبر 1932,23-Dec-1932,1930-1940,3,0–0,0,0,0,0,,,
122,2,5,كأس مصر,Egypt Cup,24 مارس 1933,24-Mar-1933,1930-1940,3,1–3,1,3,2,2,سيد مرعي,مراد فهمي – أمين شعير – لبيب محمود,نصف النهائي
167,4,14,دوري منطقة القاهرة,Cairo District League,3 نوفمبر 1933,3-Nov-1933,1930-1940,3,3–2,3,2,-1,1,سيد مرعي – مصطفى كامل طه – سعيد الحضري,ليزو – حسين حمدي,
123,2,6,كأس مصر,Egypt Cup,11 مايو 1934,11-May-1934,1930-1940,3,3–0,3,0,-3,3,مصطفى كامل طه 2 – إسماعيل السمكري,,نصف النهائي
168,4,15,دوري منطقة القاهرة,Cairo District League,2 نوفمبر 1934,2-Nov-1934,1930-1940,3,0–3,0,3,3,3,,حسين حمدي – محمود مختار التتش,
169,4,16,دوري منطقة القاهرة,Cairo District League,22 فبراير 1935,22-Feb-1935,1930-1940,3,1–2,1,2,1,1,محمد حسن حلمي,أمين شعير – محمود مختار التتش,
124,2,7,كأس مصر,Egypt Cup,10 مايو 1935,10-May-1935,1930-1940,3,3–0,3,0,-3,3,محمد حسن حلمي – إسماعيل السمكري – سيد مرعي,,النهائي
170,4,17,دوري منطقة القاهرة,Cairo District League,3 نوفمبر 1935,3-Nov-1935,1930-1940,3,1–3,1,3,2,2,مصطفى كامل طه,محمود مختار التتش – حسين حمدي – عبد الكريم صقر,
171,4,18,دوري منطقة القاهرة,Cairo District League,24 يناير 1936,24-Jan-1936,1930-1940,3,0–2,0,2,2,2,––,محمود مختار التتش – حسين حمدي,
172,4,19,دوري منطقة القاهرة,Cairo District League,8 يناير 1937,8-Jan-1937,1930-1940,3,1–5,1,5,4,4,مصطفى كامل طه,غ.م. – مصطفى علواني – عبد الكريم صقر – حسين حمدي,
199,5,4,كأس السلطان,Sultan Cup,19 فبراير 1937,19-Feb-1937,1930-1940,3,1–1,1,1,0,0,علي كاف,عبد الكريم صقر,الدور الأول
200,5,5,كأس السلطان,Sultan Cup,2 أبريل 1937,2-Apr-1937,1930-1940,3,2–1,2,1,-1,1,حسين لبيب - مصطفى كامل طه,صالح الصواف,إعادة الدور الأول
173,4,20,دوري منطقة القاهرة,Cairo District League,16 أبريل 1937,16-Apr-1937,1930-1940,3,1–4,1,4,3,3,محمد حسن حلمي,حسين حمدي – صالح الصواف 2 – مصطفى لطيف,
125,2,8,كأس مصر,Egypt Cup,30 أبريل 1937,30-Apr-1937,1930-1940,3,1–1,1,1,0,0,مصطفى كامل طه,عبد الكريم صقر,ربع النهائي
126,2,9,كأس مصر,Egypt Cup,14 مايو 1937,14-May-1937,1930-1940,3,2–2,2,2,0,0,محمد حسن حلمي – مصطفى كامل طه,لبيب محمود – عبد الكريم صقر,إعادة ربع النهائي
127,2,10,كأس مصر,Egypt Cup,30 مايو 1937,30-May-1937,1930-1940,3,0–5,0,5,5,5,,عبد الكريم صقر 3 – لبيب محمود – حسين حمدي,إعادة ربع النهائي
174,4,21,دوري منطقة القاهرة,Cairo District League,7 يناير 1938,7-Jan-1938,1930-1940,3,2–0,2,0,-2,2,إسماعيل السمكري – عبد الرحمن فوزي,,
175,4,22,دوري منطقة القاهرة,Cairo District League,25 فبراير 1938,25-Feb-1938,1930-1940,3,1–5,1,5,4,4,مصطفى كامل طه,صالح الصواف 2 – العشري – جميل صابر – محمود مختار التتش,
201,5,6,كأس السلطان,Sultan Cup,6 مايو 1938,6-May-1938,1930-1940,3,0–2,0,2,2,2,,محمود مختار التتش - صالح الصواف,نصف النهائي
128,2,11,كأس مصر,Egypt Cup,13 مايو 1938,13-May-1938,1930-1940,3,1–1,1,1,0,0,حسين لبيب,حسن الفار (هدف في مرماه),النهائي
129,2,12,كأس مصر,Egypt Cup,2 ديسمبر 1938,2-Dec-1938,1930-1940,3,1–0,1,0,-1,1,حسين الفار (هدف في مرماه),,إعادة النهائي
176,4,23,دوري منطقة القاهرة,Cairo District League,5 مارس 1939,5-Mar-1939,1930-1940,3,1–3,1,3,2,2,حسين لبيب,هاني – العشري 2,
177,4,24,دوري منطقة القاهرة,Cairo District League,26 مايو 1939,26-May-1939,1930-1940,3,0–2,0,2,2,2,,محمد الجندي – عبد الكريم صقر,
218,8,8,مباراة ودية,Friendly Match,15 سبتمبر 1939,15-Sep-1939,1930-1940,3,0–2,0,2,2,2,,لبيب محمود - منير حافظ,
178,4,25,دوري منطقة القاهرة,Cairo District League,24 نوفمبر 1939,24-Nov-1939,1930-1940,3,1–3,1,3,2,2,جلال قريطم,حسين مدكور – منير حافظ 2,
179,4,26,دوري منطقة القاهرة,Cairo District League,29 مارس 1940,29-Mar-1940,1940-1950,4,4–3,4,3,-1,1,جلال قريطم – عبد الرحمن فوزي 2 – حسين لبيب,حسين مدكور 2 – صلاح عصمان,
219,8,9,مباراة ودية,Friendly Match,4 أكتوبر 1940,4-Oct-1940,1940-1950,4,3–2,3,2,-1,1,عبد الكريم صقر 2 - محمد حسن حلمي,منير حافظ - محمد الجندي,
220,8,10,مباراة ودية,Friendly Match,18 أكتوبر 1940,18-Oct-1940,1940-1950,4,2–3,2,3,1,1,غ.م.,غ.م.,
180,4,27,دوري منطقة القاهرة,Cairo District League,3 يناير 1941,3-Jan-1941,1940-1950,4,2–4,2,4,2,2,عبد الرحمن فوزي – محمد لطيف,منير حافظ – صالح الصواف,
181,4,28,دوري منطقة القاهرة,Cairo District League,2 يناير 1942,2-Jan-1942,1940-1950,4,6–0,6,0,-6,6,عبد الرحمن فوزي 2 – عبد الكريم صقر 2 – عمر شندي – محمد حسن حلمي,,
182,4,29,دوري منطقة القاهرة,Cairo District League,27 مارس 1942,27-Mar-1942,1940-1950,4,1–3,1,3,2,2,عمر شندي,محمد الجندي – أحمد مكاوي 2,
130,2,13,كأس مصر,Egypt Cup,17 مايو 1942,17-May-1942,1940-1950,4,0–3,0,3,3,3,,أحمد مكاوي – محمد الجندي – صالح الصواف,النهائي
183,4,30,دوري منطقة القاهرة,Cairo District League,1 يناير 1943,1-Jan-1943,1940-1950,4,2–1,2,1,-1,1,عبد الكريم صقر 2,منير حافظ,
184,4,31,دوري منطقة القاهرة,Cairo District League,2 أبريل 1943,2-Apr-1943,1940-1950,4,0–2,0,2,2,2,,حسين مدكور – محمد الجندي,
131,2,14,كأس مصر,Egypt Cup,2 يونيو 1944,2-Jun-1944,1940-1950,4,6–0,6,0,-6,6,محمود حافظ 3 – محسن السحيمي 2 – عبد الكريم صقر,,النهائي
185,4,32,دوري منطقة القاهرة,Cairo District League,10 ديسمبر 1944,10-Dec-1944,1940-1950,4,0–0,0,0,0,0,,,
186,4,33,دوري منطقة القاهرة,Cairo District League,13 أبريل 1945,13-Apr-1945,1940-1950,4,2–0,2,0,-2,2,محمود حافظ 2,,
187,4,34,دوري منطقة القاهرة,Cairo District League,14 ديسمبر 1945,14-Dec-1945,1940-1950,4,1–2,1,2,1,1,عبد الكريم صقر,محمد الجندي 2,
188,4,35,دوري منطقة القاهرة,Cairo District League,8 مارس 1946,8-Mar-1946,1940-1950,4,0–1,0,1,1,1,,محمود المهلمي,
189,4,36,دوري منطقة القاهرة,Cairo District League,3 يناير 1947,3-Jan-1947,1940-1950,4,0–0,0,0,0,0,,,
190,4,37,دوري منطقة القاهرة,Cairo District League,14 مارس 1947,14-Mar-1947,1940-1950,4,1–1,1,1,0,0,غ.م.,أحمد مكاوي,
191,4,38,دوري منطقة القاهرة,Cairo District League,21 نوفمبر 1947,21-Nov-1947,1940-1950,4,0–1,0,1,1,1,,أحمد مكاوي,
132,2,15,كأس مصر,Egypt Cup,21 مارس 1948,21-Mar-1948,1940-1950,4,2–1,2,1,-1,1,أنور البشبيشي 2,حلمي أبو المعاطي,نصف النهائي
1,1,1,الدوري المصري الممتاز,Egyptian Premier League,10 ديسمبر 1948,10-Dec-1948,1940-1950,4,2–2,2,2,0,0,سيد رستم – عبد الكريم صقر,أحمد مكاوي – سعد عثمان,
2,1,2,الدوري المصري الممتاز,Egyptian Premier League,1 أبريل 1949,1-Apr-1949,1940-1950,4,1–0,1,0,-1,1,يونس مرعي,,
133,2,16,كأس مصر,Egypt Cup,29 أبريل 1949,29-Apr-1949,1940-1950,4,1–3,1,3,2,2,يونس مرعي,توتو – حسين مدكور – فتحي خطاب,النهائي
3,1,3,الدوري المصري الممتاز,Egyptian Premier League,9 ديسمبر 1949,9-Dec-1949,1940-1950,4,0–2,0,2,2,2,,فتحي خطّاب – توتو,
4,1,4,الدوري المصري الممتاز,Egyptian Premier League,19 مايو 1950,19-May-1950,1950-1960,5,0–0,0,0,0,0,,,
5,1,5,الدوري المصري الممتاز,Egyptian Premier League,15 ديسمبر 1950,15-Dec-1950,1950-1960,5,0–2,0,2,2,2,,توتو – محمد الجندي,
6,1,6,الدوري المصري الممتاز,Egyptian Premier League,13 أبريل 1951,13-Apr-1951,1950-1960,5,0–3,0,3,3,3,,سيد متولي – توتو – أحمد مكاوي,
221,8,11,مباراة ودية,Friendly Match,16 نوفمبر 1951,16-Nov-1951,1950-1960,5,2–0,2,0,-2,2,علاء الحامولي - شريف الفار,,
192,4,39,دوري منطقة القاهرة,Cairo District League,2 مارس 1952,2-Mar-1952,1950-1960,5,1–1,1,1,0,0,يونس مرعي,حسين مدكور,
193,4,40,دوري منطقة القاهرة,Cairo District League,21 مارس 1952,21-Mar-1952,1950-1960,5,1–1,1,1,0,0,علاء الحامولي,وجيه مصطفى,
134,2,17,كأس مصر,Egypt Cup,11 مايو 1952,11-May-1952,1950-1960,5,2–0,2,0,-2,2,شريف الفار 2,,النهائي
7,1,7,الدوري المصري الممتاز,Egyptian Premier League,22 فبراير 1953,22-Feb-1953,1950-1960,5,0–0,0,0,0,0,,,
135,2,18,كأس مصر,Egypt Cup,8 مايو 1953,8-May-1953,1950-1960,5,1–4,1,4,3,3,أحمد أبو حسين,أحمد مكاوي – صالح سليم – عبد الوهاب سليم,النهائي
8,1,8,الدوري المصري الممتاز,Egyptian Premier League,5 يونيو 1953,5-Jun-1953,1950-1960,5,2–2,2,2,0,0,عصام بهيج – شريف الفار,وجيه مصطفى 2,
9,1,9,الدوري المصري الممتاز,Egyptian Premier League,27 نوفمبر 1953,27-Nov-1953,1950-1960,5,1–1,1,1,0,0,أبو القاسم,أحمد مكاوي,
10,1,10,الدوري المصري الممتاز,Egyptian Premier League,26 مارس 1954,26-Mar-1954,1950-1960,5,2–4,2,4,2,2,علاء الحامولي – أحمد أبو حسين,توتو 3 – أحمد مكاوي,
222,8,12,مباراة ودية,Friendly Match,10 سبتمبر 1954,10-Sep-1954,1950-1960,5,2–1,2,1,-1,1,أحمد أبو حسين - شريف الفار,سيد صالح,
223,8,13,مباراة ودية,Friendly Match,29 أكتوبر 1954,29-Oct-1954,1950-1960,5,1–4,1,4,3,3,ظريفة,توتو 2 - فتحي خطاب 2,
11,1,11,الدوري المصري الممتاز,Egyptian Premier League,19 نوفمبر 1954,19-Nov-1954,1950-1960,5,0–2,0,2,2,2,سيد صالح – أحمد مكاوي,,
12,1,12,الدوري المصري الممتاز,Egyptian Premier League,8 أبريل 1955,8-Apr-1955,1950-1960,5,1–1,1,1,0,0,علاء الحامولي,توتو,
13,1,13,الدوري المصري الممتاز,Egyptian Premier League,21 أكتوبر 1955,21-Oct-1955,1950-1960,5,2–2,2,2,0,0,علاء الحامولي 2,صالح سليم – وجيه مصطفى,
14,1,14,الدوري المصري الممتاز,Egyptian Premier League,23 مارس 1956,23-Mar-1956,1950-1960,5,2–1,2,1,-1,1,خليل قدري – هلال موسى,مراد نديم,
15,1,15,الدوري المصري الممتاز,Egyptian Premier League,19 أكتوبر 1956,19-Oct-1956,1950-1960,5,1–1,1,1,0,0,خليل قدري,السيد الضظوي,
224,8,14,مباراة ودية,Friendly Match,23 نوفمبر 1956,23-Nov-1956,1950-1960,5,1–2,1,2,1,1,خليل قدري,السيد الضظوي - شريف الجندي,
16,1,16,الدوري المصري الممتاز,Egyptian Premier League,7 أبريل 1957,7-Apr-1957,1950-1960,5,0–2,0,2,2,2,,السيد الضظوي 2,
194,4,41,دوري منطقة القاهرة,Cairo District League,18 أكتوبر 1957,18-Oct-1957,1950-1960,5,2–2,2,2,0,0,ديميان – شريف الفار,طه إسماعيل – السيد الضظوي,
195,4,42,دوري منطقة القاهرة,Cairo District League,29 أبريل 1958,29-Apr-1958,1950-1960,5,0–3,0,3,3,3,,السيد الضظوي – ميمي الشربيني – شريف الجندي,
136,2,19,كأس مصر,Egypt Cup,9 مايو 1958,9-May-1958,1950-1960,5,0–0,0,0,0,0,,,النهائي
137,2,20,كأس مصر,Egypt Cup,13 مايو 1958,13-May-1958,1950-1960,5,2–2,2,2,0,0,عصام بهيج – علاء الحامولي,ميمي الشربيني 2,إعادة النهائي
17,1,17,الدوري المصري الممتاز,Egyptian Premier League,18 مايو 1958,18-May-1958,1950-1960,5,1–1,1,1,0,0,خليل قدري,رفعت الفناجيلي,
18,1,18,الدوري المصري الممتاز,Egyptian Premier League,23 مايو 1958,23-May-1958,1950-1960,5,1–3,1,3,2,2,عصام بهيج,السيد الضظوي – صالح سليم 2,
19,1,19,الدوري المصري الممتاز,Egyptian Premier League,31 أكتوبر 1958,31-Oct-1958,1950-1960,5,1–1,1,1,0,0,نبيل نصير,السيد الضظوي,
20,1,20,الدوري المصري الممتاز,Egyptian Premier League,20 فبراير 1959,20-Feb-1959,1950-1960,5,0–2,0,2,2,2,,السيد الضظوي – محمود الجوهري,
138,2,21,كأس مصر,Egypt Cup,24 أبريل 1959,24-Apr-1959,1950-1960,5,2–1,2,1,-1,1,علي محسن المريسي – عصام بهيج,طه إسماعيل,النهائي
21,1,21,الدوري المصري الممتاز,Egyptian Premier League,20 نوفمبر 1959,20-Nov-1959,1950-1960,5,1–2,1,2,1,1,عبدو نوشي,رفعت الفناجيلي – طه إسماعيل,
22,1,22,الدوري المصري الممتاز,Egyptian Premier League,27 مايو 1960,27-May-1960,1960-1970,6,2–1,2,1,-1,1,خليل قدري 2,صالح سليم,
225,8,15,مباراة ودية,Friendly Match,15 سبتمبر 1960,15-Sep-1960,1960-1970,6,2–3,2,3,1,1,علي محسن 2,عزت أبو الروس - فاروق الضظوي - صالح سرور,
226,8,16,مباراة ودية,Friendly Match,25 سبتمبر 1960,25-Sep-1960,1960-1970,6,1–0,1,0,-1,1,علي محسن,,
23,1,23,الدوري المصري الممتاز,Egyptian Premier League,4 نوفمبر 1960,4-Nov-1960,1960-1970,6,1–4,1,4,3,3,أحمد مصطفى,طه إسماعيل 2 – ميمي الشربيني – شريف الجندي,
24,1,24,الدوري المصري الممتاز,Egyptian Premier League,3 فبراير 1961,3-Feb-1961,1960-1970,6,3–1,3,1,-2,2,علي محسن – نبيل نصير – علاء الحامولي,صالح سليم,
25,1,25,الدوري المصري الممتاز,Egyptian Premier League,1 ديسمبر 1961,1-Dec-1961,1960-1970,6,0–3,0,3,3,3,,صالح سليم – محمود الجوهري – طه إسماعيل,
26,1,26,الدوري المصري الممتاز,Egyptian Premier League,20 أبريل 1962,20-Apr-1962,1960-1970,6,0–3,0,3,3,3,,محمود السايس – طارق سليم – رفعت الفناجيلي,
227,8,17,مباراة ودية,Friendly Match,11 ديسمبر 1962,11-Dec-1962,1960-1970,6,2–3,2,3,1,1,حمادة إمام 2,طه إسماعيل - عبده نوشي (في مرماه) - محمود السايس,
228,8,18,مباراة ودية,Friendly Match,25 يناير 1963,25-Jan-1963,1960-1970,6,1–1,1,1,0,0,عمر النور,رفعت الفناجيلي,
27,1,27,الدوري المصري الممتاز,Egyptian Premier League,31 مايو 1963,31-May-1963,1960-1970,6,1–1,1,1,0,0,عبدو نوشي,رفعت الفناجيلي,
229,8,19,مباراة ودية,Friendly Match,20 سبتمبر 1963,20-Sep-1963,1960-1970,6,1–3,1,3,2,2,نبيل نصير,أحمد زايد - إبراهيم المغربي - حلمي سليمان,
28,1,28,الدوري المصري الممتاز,Egyptian Premier League,29 يناير 1965,29-Jan-1965,1960-1970,6,2–2,2,2,0,0,حمادة إمام – عمر النور,محمود السايس – رفعت الفناجيلي,
29,1,29,الدوري المصري الممتاز,Egyptian Premier League,30 أبريل 1965,30-Apr-1965,1960-1970,6,2–1,2,1,-1,1,حمادة إمام 2,رفعت الفناجيلي,
30,1,30,الدوري المصري الممتاز,Egyptian Premier League,19 نوفمبر 1965,19-Nov-1965,1960-1970,6,2–2,2,2,0,0,فاروق السيد – حمادة إمام,مصطفى عبد الغالي 2,
31,1,31,الدوري المصري الممتاز,Egyptian Premier League,18 مارس 1966,18-Mar-1966,1960-1970,6,2–0,2,0,-2,2,إبراهيم الكبير (هدف في مرماه) – عمر النور,,
32,1,32,الدوري المصري الممتاز,Egyptian Premier League,4 نوفمبر 1966,4-Nov-1966,1960-1970,6,1–1,1,1,0,0,عمر النور,طه إسماعيل,
33,1,33,الدوري المصري الممتاز,Egyptian Premier League,17 فبراير 1967,17-Feb-1967,1960-1970,6,1–0,1,0,-1,1,عمر النور,,
230,8,20,مباراة ودية,Friendly Match,10 سبتمبر 1971,10-Sep-1971,1970-1980,7,2–1,2,1,-1,1,طه بصري 2,إبراهيم عبد الصمد,
34,1,34,الدوري المصري الممتاز,Egyptian Premier League,24 ديسمبر 1971,24-Dec-1971,1970-1980,7,2–1,2,1,-1,1,علي خليل – فاروق جعفر,عبد العزيز عبد الشافي,
231,8,21,مباراة ودية,Friendly Match,8 سبتمبر 1972,8-Sep-1972,1970-1980,7,1–2,1,2,1,1,حسن شحاتة,صلاح حسني - عبد العزيز عبد الشافي,
35,1,35,الدوري المصري الممتاز,Egyptian Premier League,22 ديسمبر 1972,22-Dec-1972,1970-1980,7,1–1,1,1,0,0,فاروق جعفر,أنور سلامة,
36,1,36,الدوري المصري الممتاز,Egyptian Premier League,30 مارس 1973,30-Mar-1973,1970-1980,7,0–1,0,1,1,1,,مصطفى يونس,
37,1,37,الدوري المصري الممتاز,Egyptian Premier League,22 نوفمبر 1974,22-Nov-1974,1970-1980,7,1–2,1,2,1,1,غانم سلطان,مصطفى عبده – عبد العزيز عبد الشافي,
38,1,38,الدوري المصري الممتاز,Egyptian Premier League,14 مارس 1975,14-Mar-1975,1970-1980,7,0–0,0,0,0,0,,,
39,1,39,الدوري المصري الممتاز,Egyptian Premier League,15 أكتوبر 1976,15-Oct-1976,1970-1980,7,1–2,1,2,1,1,محمود الخواجة,صفوت عبد الحليم – مصطفى عبده,
40,1,40,الدوري المصري الممتاز,Egyptian Premier League,17 أبريل 1977,17-Apr-1977,1970-1980,7,0–0,0,0,0,0,,,
41,1,41,الدوري المصري الممتاز,Egyptian Premier League,13 يناير 1978,13-Jan-1978,1970-1980,7,0–1,0,1,1,1,,مصطفى عبده,
42,1,42,الدوري المصري الممتاز,Egyptian Premier League,24 مارس 1978,24-Mar-1978,1970-1980,7,0–0,0,0,0,0,,,
139,2,22,كأس مصر,Egypt Cup,28 أبريل 1978,28-Apr-1978,1970-1980,7,2–4,2,4,2,2,طه بصري – علي خليل,مصطفى عبده – محمود الخطيب – جمال عبد الحميد – طاهر الشيخ,النهائي
43,1,43,الدوري المصري الممتاز,Egyptian Premier League,12 يناير 1979,12-Jan-1979,1970-1980,7,1–1,1,1,0,0,حسن شحاتة,مختار مختار,
44,1,44,الدوري المصري الممتاز,Egyptian Premier League,23 مارس 1979,23-Mar-1979,1970-1980,7,1–1,1,1,0,0,علي خليل,حمدي جمعة,
45,1,45,الدوري المصري الممتاز,Egyptian Premier League,11 يناير 1980,11-Jan-1980,1980-1990,8,0–0,0,0,0,0,,,
46,1,46,الدوري المصري الممتاز,Egyptian Premier League,20 يونيو 1980,20-Jun-1980,1980-1990,8,1–2,1,2,1,1,حسن شحاتة,جمال عبد الحميد – مصطفى عبده,
47,1,47,الدوري المصري الممتاز,Egyptian Premier League,28 نوفمبر 1980,28-Nov-1980,1980-1990,8,2–0,2,0,-2,2,أحمد عبد الحليم – عبد الرحيم محمد,,
48,1,48,الدوري المصري الممتاز,Egyptian Premier League,8 مارس 1981,8-Mar-1981,1980-1990,8,0–0,0,0,0,0,,,
49,1,49,الدوري المصري الممتاز,Egyptian Premier League,27 نوفمبر 1981,27-Nov-1981,1980-1990,8,1–1,1,1,0,0,محمد عامر (هدف في مرماه),محمد عامر,
50,1,50,الدوري المصري الممتاز,Egyptian Premier League,14 مايو 1982,14-May-1982,1980-1990,8,0–0,0,0,0,0,,,
51,1,51,الدوري المصري الممتاز,Egyptian Premier League,7 يناير 1983,7-Jan-1983,1980-1990,8,0–1,0,1,1,1,,زكريا ناصف,
52,1,52,الدوري المصري الممتاز,Egyptian Premier League,1 أبريل 1983,1-Apr-1983,1980-1990,8,1–1,1,1,0,0,محمد حلمي,محمود الخطيب,
53,1,53,الدوري المصري الممتاز,Egyptian Premier League,4 مايو 1984,4-May-1984,1980-1990,8,1–0,1,0,-1,1,أيمن يونس,,
54,1,54,الدوري المصري الممتاز,Egyptian Premier League,13 يوليو 1984,13-Jul-1984,1980-1990,8,2–2,2,2,0,0,نصر إبراهيم – إيمانويل كوارشي,خالد جاد الله – علاء ميهوب,
55,1,55,الدوري المصري الممتاز,Egyptian Premier League,6 يناير 1985,6-Jan-1985,1980-1990,8,0–1,0,1,1,1,,علاء ميهوب,
56,1,56,الدوري المصري الممتاز,Egyptian Premier League,26 مايو 1985,26-May-1985,1980-1990,8,2–1,2,1,-1,1,طارق يحيى – إيمانويل كوارشي,علاء ميهوب,
140,2,23,كأس مصر,Egypt Cup,4 أغسطس 1985,4-Aug-1985,1980-1990,8,2–3,2,3,1,1,فاروق جعفر – إيمانويل كوارشي,حماده مرزوق – محمد السيد – طارق خليل,ربع النهائي
57,1,57,الدوري المصري الممتاز,Egyptian Premier League,29 ديسمبر 1985,29-Dec-1985,1980-1990,8,2–2,2,2,0,0,طارق يحيى – محمد حلمي,زكريا ناصف – محمود الخطيب,
232,8,22,مباراة ودية,Friendly Match,14 فبراير 1986,14-Feb-1986,1980-1990,8,1–0,1,0,-1,1,جمال عبد الحميد,,
58,1,58,الدوري المصري الممتاز,Egyptian Premier League,22 يونيو 1986,22-Jun-1986,1980-1990,8,1–1,1,1,0,0,أشرف قاسم,مجدي عبد الغني,
233,8,23,مباراة ودية,Friendly Match,8 أغسطس 1986,8-Aug-1986,1980-1990,8,0–0,0,0,0,0,,,
59,1,59,الدوري المصري الممتاز,Egyptian Premier League,23 يناير 1987,23-Jan-1987,1980-1990,8,1–0,1,0,-1,1,جمال عبد الحميد,––,
60,1,60,الدوري المصري الممتاز,Egyptian Premier League,22 أبريل 1987,22-Apr-1987,1980-1990,8,1–2,1,2,1,1,جمال عبد الحميد,أيمن شوقي 2,
61,1,61,الدوري المصري الممتاز,Egyptian Premier League,25 ديسمبر 1987,25-Dec-1987,1980-1990,8,1–1,1,1,0,0,أيمن يونس,حسام حسن,
62,1,62,الدوري المصري الممتاز,Egyptian Premier League,24 يونيو 1988,24-Jun-1988,1980-1990,8,2–1,2,1,-1,1,أحمد الشاذلي – نبيل محمود,شمس حامد,
63,1,63,الدوري المصري الممتاز,Egyptian Premier League,24 فبراير 1989,24-Feb-1989,1980-1990,8,0–0,0,0,0,0,,,
64,1,64,الدوري المصري الممتاز,Egyptian Premier League,24 مارس 1989,24-Mar-1989,1980-1990,8,0–1,0,1,1,1,,علاء ميهوب,
141,2,24,كأس مصر,Egypt Cup,28 أبريل 1989,28-Apr-1989,1980-1990,8,1–2,1,2,1,1,جمال عبد الحميد,طاهر أبو زيد – ربيع ياسين,ربع النهائي
65,1,65,الدوري المصري الممتاز,Egyptian Premier League,29 يناير 1990,29-Jan-1990,1990-2000,9,0–0,0,0,0,0,,,
66,1,66,الدوري المصري الممتاز,Egyptian Premier League,16 نوفمبر 1990,16-Nov-1990,1990-2000,9,0–1,0,1,1,1,,علاء عبد الصادق,
67,1,67,الدوري المصري الممتاز,Egyptian Premier League,23 يونيو 1991,23-Jun-1991,1990-2000,9,2–0,2,0,-2,2,أيمن يونس – مصطفى إبراهيم,,
142,2,25,كأس مصر,Egypt Cup,6 أغسطس 1991,6-Aug-1991,1990-2000,9,0–2,0,2,2,2,––,محمد رمضان 2,نصف النهائي
68,1,68,الدوري المصري الممتاز,Egyptian Premier League,6 مارس 1992,6-Mar-1992,1990-2000,9,0–1,0,1,1,1,,محمد رمضان,
69,1,69,الدوري المصري الممتاز,Egyptian Premier League,2 يونيو 1992,2-Jun-1992,1990-2000,9,1–0,1,0,-1,1,أيمن منصور,,
143,2,26,كأس مصر,Egypt Cup,26 يونيو 1992,26-Jun-1992,1990-2000,9,1–2,1,2,1,1,رضا عبد العال,أيمن شوقي 2,النهائي
70,1,70,الدوري المصري الممتاز,Egyptian Premier League,5 فبراير 1993,5-Feb-1993,1990-2000,9,1–0,1,0,-1,1,مصطفى نجم,,
71,1,71,الدوري المصري الممتاز,Egyptian Premier League,15 يونيو 1993,15-Jun-1993,1990-2000,9,1–0,1,0,-1,1,أيمن منصور,,
72,1,72,الدوري المصري الممتاز,Egyptian Premier League,26 سبتمبر 1993,26-Sep-1993,1990-2000,9,0–3,0,3,3,3,,إبراهيم حسن – محمد يوسف – محمد عبد الجليل,
210,7,1,كأس السوبر الأفريقي,African Super Cup,16 يناير 1994,16-Jan-1994,1990-2000,9,1–0,1,0,-1,1,أيمن منصور,,
73,1,73,الدوري المصري الممتاز,Egyptian Premier League,17 أبريل 1994,17-Apr-1994,1990-2000,9,2–0,2,0,-2,2,إيمانويل أمونيكي – محمد صبري,,
74,1,74,الدوري المصري الممتاز,Egyptian Premier League,25 ديسمبر 1994,25-Dec-1994,1990-2000,9,0–0,0,0,0,0,,,
75,1,75,الدوري المصري الممتاز,Egyptian Premier League,19 يونيو 1995,19-Jun-1995,1990-2000,9,1–1,1,1,0,0,نبيل محمود,إبراهيم حسن,
76,1,76,الدوري المصري الممتاز,Egyptian Premier League,27 فبراير 1996,27-Feb-1996,1990-2000,9,0–0,0,0,0,0,,,
77,1,77,الدوري المصري الممتاز,Egyptian Premier League,25 يونيو 1996,25-Jun-1996,1990-2000,9,0–2,0,2,2,2,أحمد فيليكس – حسام حسن,,
78,1,78,الدوري المصري الممتاز,Egyptian Premier League,17 نوفمبر 1996,17-Nov-1996,1990-2000,9,0–0,0,0,0,0,,,
79,1,79,الدوري المصري الممتاز,Egyptian Premier League,4 يوليو 1997,4-Jul-1997,1990-2000,9,1–3,1,3,2,2,أحمد الكاس,هادي خشبة 2 – حسام حسن,
80,1,80,الدوري المصري الممتاز,Egyptian Premier League,12 ديسمبر 1997,12-Dec-1997,1990-2000,9,0–0,0,0,0,0,,,
81,1,81,الدوري المصري الممتاز,Egyptian Premier League,15 مايو 1998,15-May-1998,1990-2000,9,0–2,0,2,2,2,,أحمد فيليكس – حسام حسن,
82,1,82,الدوري المصري الممتاز,Egyptian Premier League,8 نوفمبر 1998,8-Nov-1998,1990-2000,9,1–2,1,2,1,1,محمد صبري,حسام حسن – إبراهيم حسن,
83,1,83,الدوري المصري الممتاز,Egyptian Premier League,9 أبريل 1999,9-Apr-1999,1990-2000,9,0–2,0,2,2,2,,,
84,1,84,الدوري المصري الممتاز,Egyptian Premier League,5 ديسمبر 1999,5-Dec-1999,1990-2000,9,2–1,2,1,-1,1,بشير التابعي – سومايلا كوليبالي,علاء إبراهيم,
85,1,85,الدوري المصري الممتاز,Egyptian Premier League,17 يوليو 2000,17-Jul-2000,2000-2010,10,0–0,0,0,0,0,,,
86,1,86,الدوري المصري الممتاز,Egyptian Premier League,16 نوفمبر 2000,16-Nov-2000,2000-2010,10,1–1,1,1,0,0,وليد صلاح عبد اللطيف,خالد بيبو,
87,1,87,الدوري المصري الممتاز,Egyptian Premier League,2 مارس 2001,2-Mar-2001,2000-2010,10,3–1,3,1,-2,2,حسام حسن 2 – مدحت عبد الهادي,علاء إبراهيم,
88,1,88,الدوري المصري الممتاز,Egyptian Premier League,23 نوفمبر 2001,23-Nov-2001,2000-2010,10,2–1,2,1,-1,1,حازم إمام 2,علاء إبراهيم,
89,1,89,الدوري المصري الممتاز,Egyptian Premier League,16 مايو 2002,16-May-2002,2000-2010,10,1–6,1,6,5,5,حسام حسن,رضا شحاته – إبراهيم سعيد – خالد بيبو 4,
90,1,90,الدوري المصري الممتاز,Egyptian Premier League,30 يناير 2003,30-Jan-2003,2000-2010,10,2–2,2,2,0,0,مدحت عبد الهادي – محمد عبد الواحد,محمد جودة – سيد عبد الحفيظ,
91,1,91,الدوري المصري الممتاز,Egyptian Premier League,19 أبريل 2003,19-Apr-2003,2000-2010,10,3–1,3,1,-2,2,حسام حسن – عبد الحليم علي – جمال حمزة,أحمد بلال,
149,3,1,كأس السوبر المصري,Egyptian Super Cup,28 أغسطس 2003,28-Aug-2003,2000-2010,10,1–3,1,3,2,2,,,
92,1,92,الدوري المصري الممتاز,Egyptian Premier League,21 نوفمبر 2003,21-Nov-2003,2000-2010,10,1–0,1,0,-1,1,جمال حمزة,,
93,1,93,الدوري المصري الممتاز,Egyptian Premier League,15 مايو 2004,15-May-2004,2000-2010,10,2–1,2,1,-1,1,بشير التابعي – عبد الحليم علي,محمد أبو تريكة,
94,1,94,الدوري المصري الممتاز,Egyptian Premier League,4 نوفمبر 2004,4-Nov-2004,2000-2010,10,2–4,2,4,2,2,جمال حمزة – عبد الحليم علي,محمد أبو تريكة – سيباستياو جيلبرتو – عماد متعب,
95,1,95,الدوري المصري الممتاز,Egyptian Premier League,12 فبراير 2005,12-Feb-2005,2000-2010,10,0–3,0,3,3,3,,عماد متعب – محمد أبو تريكة 2,
202,6,1,دوري أبطال أفريقيا,African Champions League,25 سبتمبر 2005,25-Sep-2005,2000-2010,10,1–2,1,2,1,1,حازم إمام,عماد متعب - محمد بركات,نصف النهائي
203,6,2,دوري أبطال أفريقيا,African Champions League,16 أكتوبر 2005,16-Oct-2005,2000-2010,10,0–2,0,2,2,2,,محمد بركات 2,نصف النهائي
96,1,96,الدوري المصري الممتاز,Egyptian Premier League,4 مارس 2006,4-Mar-2006,2000-2010,10,0–0,0,0,0,0,,,
97,1,97,الدوري المصري الممتاز,Egyptian Premier League,14 مايو 2006,14-May-2006,2000-2010,10,0–2,0,2,2,2,,عماد متعب – محمد أبو تريكة,
144,2,27,كأس مصر,Egypt Cup,16 يونيو 2006,16-Jun-2006,2000-2010,10,0–3,0,3,3,3,––,عماد متعب 2 – عماد النحاس,النهائي
98,1,98,الدوري المصري الممتاز,Egyptian Premier League,30 ديسمبر 2006,30-Dec-2006,2000-2010,10,1–2,1,2,1,1,أسامة حسن,فلافيو أمادو 2,
99,1,99,الدوري المصري الممتاز,Egyptian Premier League,21 مايو 2007,21-May-2007,2000-2010,10,2–0,2,0,-2,2,تامر عبد الحميد – جمال حمزة,,
145,2,28,كأس مصر,Egypt Cup,2 يوليو 2007,2-Jul-2007,2000-2010,10,3–4,3,4,1,1,عمرو زكي – شيكابالا – جمال حمزة,عماد متعب – محمد أبو تريكة – أسامة حسني 2,النهائي
100,1,100,الدوري المصري الممتاز,Egyptian Premier League,17 سبتمبر 2007,17-Sep-2007,2000-2010,10,0–1,0,1,1,1,,محمد أبو تريكة,
101,1,101,الدوري المصري الممتاز,Egyptian Premier League,14 مارس 2008,14-Mar-2008,2000-2010,10,0–2,0,2,2,2,,أحمد فتحي – عماد متعب,
204,6,3,دوري أبطال أفريقيا,African Champions League,20 يوليو 2008,20-Jul-2008,2000-2010,10,1–2,1,2,1,1,جمال حمزة,فلافيو أمادو - أحمد حسن,ربع النهائي
150,3,2,كأس السوبر المصري,Egyptian Super Cup,27 يوليو 2008,27-Jul-2008,2000-2010,10,0–2,0,2,2,2,,أحمد حسن – المعتز بالله إينو,
205,6,4,دوري أبطال أفريقيا,African Champions League,14 سبتمبر 2008,14-Sep-2008,2000-2010,10,2–2,2,2,0,0,جمال حمزة - جونيور أغوغو,فلافيو أمادو - محمد أبو تريكة,ربع النهائي
102,1,102,الدوري المصري الممتاز,Egyptian Premier League,11 يناير 2009,11-Jan-2009,2000-2010,10,0–1,0,1,1,1,,فلافيو أمادو,
103,1,103,الدوري المصري الممتاز,Egyptian Premier League,23 أبريل 2009,23-Apr-2009,2000-2010,10,0–0,0,0,0,0,,,
104,1,104,الدوري المصري الممتاز,Egyptian Premier League,8 ديسمبر 2009,8-Dec-2009,2000-2010,10,0–0,0,0,0,0,,,
105,1,105,الدوري المصري الممتاز,Egyptian Premier League,16 أبريل 2010,16-Apr-2010,2010-2020,11,3–3,3,3,0,0,أحمد جعفر – حسين ياسر – محمد عبد الشافي,عماد متعب 2 – محمد بركات,
146,2,29,كأس مصر,Egypt Cup,26 مايو 2010,26-May-2010,2010-2020,11,1–3,1,3,2,2,حسين ياسر,شريف عبد الفضيل – محمد فضل – محمد أبو تريكة,دور الـ16
106,1,106,الدوري المصري الممتاز,Egyptian Premier League,30 ديسمبر 2010,30-Dec-2010,2010-2020,11,0–0,0,0,0,0,,,
107,1,107,الدوري المصري الممتاز,Egyptian Premier League,29 يونيو 2011,29-Jun-2011,2010-2020,11,2–2,2,2,0,0,أحمد جعفر – حسين ياسر المحمدي,محمد ناجي جدو – دومينيك دا سيلفا,
206,6,5,دوري أبطال أفريقيا,African Champions League,22 يوليو 2012,22-Jul-2012,2010-2020,11,0–1,0,1,1,1,,محمد أبو تريكة,ربع النهائي
207,6,6,دوري أبطال أفريقيا,African Champions League,16 سبتمبر 2012,16-Sep-2012,2010-2020,11,1–1,1,1,0,0,محمد إبراهيم,محمد بركات,ربع النهائي
208,6,7,دوري أبطال أفريقيا,African Champions League,24 يوليو 2013,24-Jul-2013,2010-2020,11,1–1,1,1,0,0,أحمد جعفر,محمد أبو تريكة,ربع النهائي
209,6,8,دوري أبطال أفريقيا,African Champions League,15 سبتمبر 2013,15-Sep-2013,2010-2020,11,2–4,2,4,2,2,عمر جابر - أحمد حسن,وليد سليمان - أحمد عبد الظاهر - محمد أبو تريكة - أحمد فتحي,ربع النهائي
108,1,108,الدوري المصري الممتاز,Egyptian Premier League,28 يونيو 2014,28-Jun-2014,2010-2020,11,0–1,0,1,1,1,,أحمد توفيق (في مرماه),
151,3,3,كأس السوبر المصري,Egyptian Super Cup,14 سبتمبر 2014,14-Sep-2014,2010-2020,11,4–5,4,5,1,1,,,
109,1,109,الدوري المصري الممتاز,Egyptian Premier League,29 يناير 2015,29-Jan-2015,2010-2020,11,1–1,1,1,0,0,أيمن حفني,وليد سليمان,
110,1,110,الدوري المصري الممتاز,Egyptian Premier League,21 يوليو 2015,21-Jul-2015,2010-2020,11,0–2,0,2,2,2,,مؤمن زكريا 2,
147,2,30,كأس مصر,Egypt Cup,21 سبتمبر 2015,21-Sep-2015,2010-2020,11,2–0,2,0,-2,2,باسم مرسي 2,,النهائي
152,3,4,كأس السوبر المصري,Egyptian Super Cup,15 أكتوبر 2015,15-Oct-2015,2010-2020,11,2–3,2,3,1,1,عمر جابر – محمود كهربا,عبد الله السعيد 2 – مؤمن زكريا,
111,1,111,الدوري المصري الممتاز,Egyptian Premier League,9 فبراير 2016,9-Feb-2016,2010-2020,11,0–2,0,2,2,2,,ماليك إيفونا – عمرو جمال,
112,1,112,الدوري المصري الممتاز,Egyptian Premier League,9 يوليو 2016,9-Jul-2016,2010-2020,11,0–0,0,0,0,0,,,
148,2,31,كأس مصر,Egypt Cup,8 أغسطس 2016,8-Aug-2016,2010-2020,11,3–1,3,1,-2,2,باسم مرسي 2 – مصطفى فتحي,عبد الله السعيد,النهائي
113,1,113,الدوري المصري الممتاز,Egyptian Premier League,29 ديسمبر 2016,29-Dec-2016,2010-2020,11,0–2,0,2,2,2,,مؤمن زكريا – جونيور أجاي,
153,3,5,كأس السوبر المصري,Egyptian Super Cup,10 فبراير 2017,10-Feb-2017,2010-2020,11,3–1,3,1,-2,2,,,
114,1,114,الدوري المصري الممتاز,Egyptian Premier League,17 يوليو 2017,17-Jul-2017,2010-2020,11,0–2,0,2,2,2,,وليد سليمان - جونيور أجاي,
115,1,115,الدوري المصري الممتاز,Egyptian Premier League,9 يناير 2018,9-Jan-2018,2010-2020,11,0–3,0,3,3,3,,مؤمن زكريا – عبد الله السعيد – وليد أزارو,
116,1,116,الدوري المصري الممتاز,Egyptian Premier League,26 أبريل 2018,26-Apr-2018,2010-2020,11,2–1,2,1,-1,1,كابونغو كاسونغو – أيمن حفني,وليد سليمان,
117,1,117,الدوري المصري الممتاز,Egyptian Premier League,30 مارس 2019,30-Mar-2019,2010-2020,11,0–0,0,0,0,0,,,